label,score
Layered,0.23158197104930878
Layered,0.21749883890151978
Layered,0.28394049406051636
Layered,0.26254236698150635
Layered,0.186055526137352
Layered,0.23271922767162323
Layered,0.2524755001068115
Web Application,0.31702783703804016
Layered,0.3732663094997406
Layered,0.3144058287143707
Layered,0.32464057207107544
Layered,0.19791953265666962
Layered,0.22385860979557037
Layered,0.2721771001815796
Layered,0.3883134722709656
